pair_id,algorithm,param_set,match,mismatch,gap,score,aligned_seq1,aligned_seq2,alignment_length,number_of_matches,number_of_gaps
pair_001,NW,A,1,-1,-1,0,G-ATTACA,GCA-TGCU,8,4,2
pair_001,SW,A,1,-1,-1,2,AT,AT,2,2,0
pair_001,NW,B,1,-1,-2,-1,GATTACA,GCATGCU,7,3,0
pair_001,SW,B,1,-1,-2,2,AT,AT,2,2,0
pair_001,NW,C,2,-1,-2,2,GATTACA,GCATGCU,7,3,0
pair_001,SW,C,2,-1,-2,4,AT,AT,2,2,0
pair_001,NW,D,2,-2,-3,-2,GATTACA,GCATGCU,7,3,0
pair_001,SW,D,2,-2,-3,4,AT,AT,2,2,0
pair_002,NW,A,1,-1,-1,1,ACCGT,A-CG-,5,3,2
pair_002,SW,A,1,-1,-1,2,AC,AC,2,2,0
pair_002,NW,B,1,-1,-2,-1,ACCGT,A-CG-,5,3,2
pair_002,SW,B,1,-1,-2,2,AC,AC,2,2,0
pair_002,NW,C,2,-1,-2,2,ACCGT,A-CG-,5,3,2
pair_002,SW,C,2,-1,-2,4,AC,AC,2,2,0
pair_002,NW,D,2,-2,-3,0,ACCGT,A-CG-,5,3,2
pair_002,SW,D,2,-2,-3,4,AC,AC,2,2,0
pair_003,NW,A,1,-1,-1,0,TTACGTAA,GGACGTCC,8,4,0
pair_003,SW,A,1,-1,-1,4,ACGT,ACGT,4,4,0
pair_003,NW,B,1,-1,-2,0,TTACGTAA,GGACGTCC,8,4,0
pair_003,SW,B,1,-1,-2,4,ACGT,ACGT,4,4,0
pair_003,NW,C,2,-1,-2,4,TTACGTAA,GGACGTCC,8,4,0
pair_003,SW,C,2,-1,-2,8,ACGT,ACGT,4,4,0
pair_003,NW,D,2,-2,-3,0,TTACGTAA,GGACGTCC,8,4,0
pair_003,SW,D,2,-2,-3,8,ACGT,ACGT,4,4,0
pair_004,NW,A,1,-1,-1,5,ATG-CGTAC,ATGACGT-C,9,7,2
pair_004,SW,A,1,-1,-1,5,ATG-CGT,ATGACGT,7,6,1
pair_004,NW,B,1,-1,-2,3,ATG-CGTAC,ATGACGT-C,9,7,2
pair_004,SW,B,1,-1,-2,4,ATG-CGT,ATGACGT,7,6,1
pair_004,NW,C,2,-1,-2,10,ATG-CGTAC,ATGACGT-C,9,7,2
pair_004,SW,C,2,-1,-2,10,ATG-CGT,ATGACGT,7,6,1
pair_004,NW,D,2,-2,-3,8,ATG-CGTAC,ATGACGT-C,9,7,2
pair_004,SW,D,2,-2,-3,9,ATG-CGT,ATGACGT,7,6,1
